2, 1000, 3, 999, 4, 998, 5, 997
1, 3, 4, 1000, 5, 999, 6, 998
2, 4, 1, 5, 6, 1000, 7, 999
3, 5, 2, 6, 1, 7, 8, 1000, 259
4, 6, 3, 7, 2, 8, 1, 9
5, 7, 4, 8, 3, 9, 2, 10
6, 8, 5, 9, 4, 10, 3, 11, 471
7, 9, 6, 10, 5, 11, 4, 12
8, 10, 7, 11, 6, 12, 5, 13
9, 11, 8, 12, 7, 13, 6, 14
10, 12, 9, 13, 8, 14, 7, 15
11, 13, 10, 14, 9, 15, 8, 16
12, 14, 11, 15, 10, 16, 9, 17
13, 15, 12, 16, 11, 17, 10, 18
14, 13, 17, 12, 18, 11, 19, 162
17, 14, 18, 13, 19, 12, 20
16, 18, 15, 19, 14, 20, 13, 21
17, 19, 16, 20, 15, 21, 14, 22
18, 20, 17, 21, 16, 22, 15, 104
19, 21, 18, 22, 17, 23, 16, 24
20, 22, 19, 23, 18, 24, 17, 25
21, 23, 20, 24, 19, 25, 18, 26
22, 24, 21, 25, 20, 26, 27
23, 25, 22, 26, 21, 27, 20, 28
24, 26, 23, 27, 22, 28, 21, 29
25, 27, 24, 28, 23, 22, 30, 371
26, 28, 25, 29, 24, 30, 23, 31
27, 29, 26, 30, 25, 31, 24, 32
28, 30, 27, 31, 32, 25, 33, 394
29, 31, 28, 32, 27, 33, 26, 34
30, 32, 29, 33, 28, 34, 27, 35, 864
31, 33, 30, 34, 29, 35, 28, 36
32, 34, 31, 35, 30, 36, 29, 37
33, 35, 32, 36, 31, 37, 30, 38
34, 36, 33, 37, 32, 38, 31, 39
35, 37, 34, 38, 33, 39, 32, 40
36, 38, 35, 39, 34, 40, 33, 41
37, 39, 36, 40, 35, 41, 34, 42
38, 40, 37, 41, 36, 42, 35, 43
39, 41, 38, 42, 37, 43, 36, 44
40, 42, 39, 43, 38, 44, 37, 45, 669
41, 40, 44, 39, 45, 38, 46, 452
44, 41, 45, 40, 39, 47, 322
43, 45, 42, 46, 41, 47, 40, 48
44, 46, 43, 47, 42, 48, 41, 49
45, 47, 44, 48, 49, 42, 50
46, 48, 45, 49, 44, 50, 43, 51
47, 49, 46, 50, 45, 51, 44, 52, 787
48, 50, 47, 46, 52, 45, 53, 123, 616
49, 51, 48, 52, 47, 53, 46, 54
50, 52, 53, 48, 54, 47, 55, 720
51, 53, 50, 54, 49, 55, 48, 56
52, 54, 51, 55, 50, 56, 49, 57, 668, 722
53, 55, 52, 56, 51, 57, 50, 58
54, 56, 53, 57, 52, 58, 51, 59
55, 57, 54, 58, 53, 59, 52, 578, 770
56, 58, 55, 59, 54, 60, 53, 61
57, 59, 56, 60, 55, 61, 54, 62
58, 60, 57, 61, 56, 62, 55, 63
59, 61, 58, 62, 57, 63, 64
60, 62, 59, 63, 58, 64, 57, 65
61, 63, 60, 64, 59, 65, 58, 66, 801
62, 64, 61, 65, 60, 59, 67, 814
63, 65, 62, 66, 61, 67, 60, 68
64, 63, 67, 62, 68, 61, 69, 695
67, 64, 68, 69, 62, 70, 461
66, 68, 65, 69, 64, 70, 63, 700
67, 69, 66, 70, 65, 71, 64, 72
68, 70, 67, 71, 66, 72, 65, 73
69, 71, 68, 72, 67, 73, 66, 74
70, 69, 73, 68, 74, 75, 253
73, 70, 74, 69, 75, 68, 76
72, 74, 71, 75, 70, 69, 77, 328
73, 75, 72, 76, 71, 77, 70, 78
74, 73, 77, 72, 78, 71, 79, 785
77, 74, 78, 79, 72, 80
76, 75, 79, 74, 80, 73, 81, 271
79, 76, 80, 75, 81, 74, 82
78, 80, 77, 81, 76, 82, 75, 83
79, 81, 78, 82, 77, 83, 76, 84
80, 82, 79, 83, 78, 84, 77, 85
81, 83, 80, 84, 79, 85, 78, 86
82, 84, 81, 85, 80, 86, 79, 87
83, 85, 82, 86, 81, 87, 80, 88
84, 86, 83, 87, 82, 88, 81, 89, 105
85, 87, 84, 88, 83, 89, 82, 90
86, 88, 85, 89, 84, 83, 91, 918
87, 89, 86, 90, 85, 91, 84, 92, 801
88, 90, 87, 91, 86, 92, 85, 93
89, 91, 88, 92, 93, 86, 94
90, 92, 89, 93, 88, 94, 87, 95
91, 93, 90, 94, 89, 95, 88, 96
92, 94, 91, 95, 90, 96, 89, 97
93, 95, 92, 96, 91, 97, 90, 98
94, 96, 93, 92, 98, 91, 99, 467, 168
95, 97, 94, 98, 93, 99, 92, 100
96, 98, 99, 94, 100, 93, 101
97, 99, 96, 100, 95, 101, 94, 102
98, 100, 97, 101, 96, 102, 95, 843
99, 101, 98, 102, 97, 103, 96, 104
100, 102, 99, 103, 98, 104, 97, 105
101, 103, 100, 104, 99, 105, 98, 106
102, 101, 105, 100, 106, 107, 849
105, 102, 106, 101, 107, 100, 108, 19
104, 103, 107, 102, 108, 101, 109, 85
107, 104, 108, 103, 109, 102, 110
106, 108, 105, 109, 104, 110, 103, 111
107, 109, 106, 110, 105, 111, 104, 112
108, 110, 107, 111, 106, 112, 105, 916
109, 111, 108, 112, 107, 113, 106, 114, 600
110, 112, 109, 113, 108, 114, 107, 115
111, 113, 110, 109, 115, 108, 116, 170
112, 114, 111, 115, 110, 116, 117, 428, 565
113, 115, 116, 111, 117, 110, 118
114, 116, 113, 117, 112, 118, 111, 119
115, 117, 114, 118, 113, 119, 112, 120
116, 118, 115, 119, 114, 120, 113, 121
117, 119, 116, 120, 115, 121, 114, 122, 764
118, 120, 117, 121, 116, 122, 115, 123
119, 121, 118, 122, 117, 123, 116, 124
120, 122, 119, 123, 118, 124, 117, 623, 932
121, 123, 120, 124, 119, 125, 118, 126
122, 124, 121, 125, 120, 126, 119, 127, 49
123, 125, 122, 126, 121, 127, 120, 128
124, 126, 123, 127, 122, 128, 129
125, 127, 124, 128, 123, 129, 122, 130, 973, 335
126, 128, 125, 129, 124, 130, 123, 131
127, 126, 130, 125, 131, 124, 132, 709, 706
130, 127, 131, 126, 132, 125, 133, 823
129, 131, 128, 132, 127, 133, 126, 134
130, 132, 129, 133, 128, 134, 127, 135
131, 133, 130, 134, 129, 135, 128, 136
132, 134, 131, 135, 130, 129, 137, 620, 810
133, 135, 132, 131, 137, 130, 138, 161
134, 136, 133, 137, 132, 138, 131, 139
135, 137, 138, 139, 132, 140
136, 138, 135, 139, 134, 140, 133, 141, 211
137, 139, 136, 140, 135, 134, 142, 878
138, 140, 137, 141, 136, 142, 135, 143, 965
139, 141, 138, 142, 137, 143, 136, 144, 346
140, 142, 139, 143, 144, 137, 145
141, 143, 140, 144, 139, 145, 138, 146
142, 144, 141, 145, 140, 146, 139, 147
143, 145, 142, 146, 141, 147, 140, 148
144, 146, 143, 147, 142, 148, 141, 149, 692
145, 147, 144, 148, 143, 149, 142, 150
146, 148, 145, 149, 144, 150, 143, 151, 316
147, 149, 146, 150, 145, 151, 144, 152, 535
148, 147, 151, 146, 152, 145, 153, 922
151, 148, 152, 147, 153, 146, 154
150, 152, 149, 153, 148, 154, 147, 155
151, 153, 150, 154, 149, 155, 148, 156
152, 154, 151, 155, 150, 156, 149, 765
153, 155, 152, 156, 151, 157, 150, 158
154, 156, 153, 157, 152, 158, 151, 159
155, 157, 154, 158, 153, 159, 152, 160
156, 158, 155, 159, 154, 160, 161
157, 159, 156, 160, 155, 161, 154, 162
158, 160, 157, 161, 156, 162, 155, 163
159, 161, 158, 157, 163, 156, 164, 460
160, 162, 159, 163, 158, 164, 157, 165, 134
161, 163, 164, 159, 165, 158, 166, 15, 860
162, 164, 161, 165, 160, 166, 159, 167
163, 165, 162, 166, 161, 167, 160, 168
164, 163, 167, 162, 168, 161, 169, 984
167, 164, 168, 163, 162, 170, 911, 888
166, 168, 165, 169, 164, 170, 163, 171
167, 169, 166, 165, 171, 164, 172, 95
168, 170, 167, 171, 172, 165, 173
169, 171, 172, 167, 173, 166, 174, 112
170, 172, 169, 173, 168, 174, 167, 175
171, 173, 170, 174, 169, 175, 168, 176, 370
172, 174, 171, 175, 170, 176, 169, 177
173, 175, 172, 176, 171, 177, 170, 178, 394
174, 176, 173, 177, 172, 178, 171, 179, 895
175, 177, 174, 178, 173, 179, 172, 180
176, 178, 175, 179, 174, 180, 173, 181
177, 179, 176, 180, 175, 181, 174, 182
178, 180, 177, 181, 176, 175, 183, 544, 320
179, 181, 178, 182, 177, 183, 176, 184, 885
180, 182, 179, 183, 178, 184, 177, 185
181, 183, 180, 184, 185, 178, 186
182, 184, 181, 185, 180, 186, 179, 481
183, 185, 182, 186, 181, 187, 180, 188
184, 183, 187, 182, 188, 181, 189, 949
184, 183, 189, 182, 190, 346, 734, 200
188, 185, 189, 184, 190, 191
187, 189, 190, 185, 191, 184, 192
188, 190, 187, 191, 186, 192, 185, 351
189, 191, 188, 192, 187, 193, 186, 194
190, 192, 189, 193, 188, 194, 187, 195
191, 193, 190, 194, 189, 195, 188, 196
192, 194, 191, 195, 190, 196, 197
193, 195, 192, 196, 191, 197, 190, 420
194, 196, 193, 197, 192, 198, 191, 199
195, 197, 194, 198, 193, 199, 192, 200
196, 195, 199, 194, 200, 193, 201, 532
199, 196, 200, 195, 201, 202
198, 200, 197, 201, 196, 202, 195, 203
199, 201, 198, 202, 197, 203, 196, 204, 186
200, 202, 199, 203, 198, 204, 197, 205
201, 203, 200, 204, 199, 205, 198, 206
202, 204, 201, 200, 206, 199, 207, 569, 302
203, 205, 202, 206, 201, 207, 200, 208
204, 206, 207, 202, 208, 201, 209
205, 207, 204, 208, 203, 209, 202, 210, 691
206, 208, 205, 209, 204, 210, 203, 211
207, 209, 206, 210, 205, 211, 204, 212
208, 210, 207, 211, 206, 212, 205, 213
209, 211, 208, 212, 207, 213, 206, 214, 909
210, 209, 213, 208, 214, 207, 215, 137
213, 210, 214, 209, 215, 208, 216
212, 214, 211, 215, 210, 216, 209, 217
213, 215, 212, 216, 211, 217, 210, 218
214, 216, 213, 217, 212, 218, 211, 793
215, 217, 214, 218, 213, 219, 212, 220
216, 218, 215, 219, 214, 220, 213, 221
217, 219, 216, 220, 215, 221, 214, 222
218, 220, 217, 216, 222, 223, 672
219, 221, 218, 222, 217, 223, 216, 224, 234
220, 222, 223, 218, 224, 217, 225
221, 223, 220, 219, 225, 218, 226, 598
222, 224, 221, 225, 220, 226, 219, 227
223, 225, 226, 221, 220, 228, 580
224, 226, 223, 227, 222, 228, 221, 229
225, 227, 224, 228, 223, 229, 222, 230
226, 228, 225, 229, 230, 223, 231
227, 229, 226, 230, 225, 231, 224, 901
228, 230, 227, 231, 226, 232, 225, 233
229, 231, 228, 232, 227, 233, 226, 234
230, 232, 229, 233, 228, 234, 227, 235
231, 233, 230, 234, 229, 235, 236
232, 234, 231, 235, 230, 236, 229, 237
233, 235, 232, 236, 231, 230, 238, 220, 847
234, 236, 233, 237, 232, 238, 231, 239
235, 237, 234, 238, 233, 239, 232, 240
236, 238, 235, 239, 240, 233, 241
237, 239, 236, 240, 235, 241, 234, 242, 497, 758
238, 240, 237, 241, 236, 242, 235, 243
239, 241, 238, 242, 237, 243, 236, 244
240, 239, 243, 238, 244, 237, 245, 815, 951
243, 240, 244, 239, 245, 238, 246
242, 244, 241, 245, 240, 246, 239, 247
243, 245, 242, 246, 241, 247, 240, 248, 276
244, 246, 243, 247, 242, 248, 241, 249
245, 247, 244, 248, 243, 249, 242, 250, 364
246, 248, 245, 249, 244, 250, 243, 251
247, 249, 246, 250, 245, 251, 244, 252
248, 250, 247, 251, 246, 252, 245, 253
249, 251, 248, 252, 247, 253, 246, 254
250, 252, 249, 253, 248, 254, 247, 255, 630
251, 253, 250, 254, 249, 255, 248, 256
252, 254, 251, 255, 250, 256, 249, 257, 71
253, 255, 252, 256, 251, 257, 250, 258, 731
254, 256, 253, 257, 252, 258, 251, 259
255, 257, 254, 258, 253, 259, 252, 260
256, 258, 255, 259, 254, 260, 253, 261
257, 259, 256, 260, 255, 261, 254, 262
258, 260, 257, 256, 262, 255, 263, 4
259, 261, 258, 262, 257, 263, 256, 264
260, 262, 258, 264, 257, 265, 453
261, 263, 260, 264, 259, 265, 258, 266
262, 264, 265, 260, 266, 259, 267
263, 265, 262, 266, 261, 267, 260, 268
264, 266, 263, 267, 262, 268, 261, 269
265, 267, 264, 268, 263, 269, 262, 270
266, 268, 265, 269, 264, 270, 263, 271
267, 269, 266, 270, 265, 271, 264, 272
268, 270, 267, 266, 272, 265, 273, 328
269, 271, 268, 272, 267, 273, 266, 274
270, 272, 273, 268, 274, 267, 275, 77
271, 273, 270, 274, 269, 268, 276, 828
272, 271, 275, 270, 276, 269, 277, 290
275, 272, 276, 271, 277, 270, 278
274, 276, 273, 277, 278, 271, 279
275, 274, 278, 273, 279, 272, 280, 244, 611, 649
278, 275, 279, 274, 280, 273, 281, 393
277, 279, 276, 280, 275, 281, 274, 282
278, 280, 277, 281, 276, 282, 275, 628
279, 281, 278, 282, 277, 283, 276, 284
280, 282, 279, 283, 278, 284, 277, 285
281, 283, 280, 284, 279, 285, 278, 286, 523
282, 284, 281, 285, 280, 286, 287
283, 285, 282, 286, 281, 287, 280, 288, 786
284, 286, 283, 287, 282, 288, 281, 289
285, 287, 284, 288, 283, 289, 282, 290
286, 288, 285, 289, 284, 290, 283, 291
287, 289, 286, 290, 285, 291, 284, 292
288, 290, 287, 291, 286, 292, 285, 293
289, 291, 288, 292, 287, 293, 286, 273, 777, 691
290, 292, 289, 293, 288, 294, 287, 295
291, 290, 294, 289, 295, 288, 296, 892
294, 291, 295, 290, 289, 297, 714
293, 295, 292, 296, 291, 297, 298
294, 296, 293, 297, 292, 291, 299, 749
295, 297, 294, 298, 299, 292, 300
296, 298, 295, 294, 300, 293, 301, 526
297, 299, 296, 300, 301, 294, 302
298, 300, 296, 302, 295, 303, 570
299, 301, 298, 302, 297, 303, 296, 304
300, 302, 303, 298, 304, 297, 305
301, 303, 300, 304, 299, 305, 298, 203
302, 304, 301, 305, 300, 306, 299, 307
303, 305, 302, 306, 301, 307, 300, 308
304, 306, 303, 307, 302, 308, 301, 309
305, 307, 304, 308, 303, 309, 310
306, 308, 305, 309, 304, 310, 303, 880, 682
307, 309, 306, 310, 305, 311, 304, 312
308, 310, 307, 311, 306, 312, 305, 313
309, 311, 308, 312, 307, 313, 306, 314, 368
310, 312, 309, 313, 308, 314, 315
311, 313, 310, 314, 309, 315, 308, 316
312, 314, 311, 315, 310, 316, 309, 317, 456, 994
313, 315, 312, 316, 311, 317, 310, 318
314, 316, 313, 317, 312, 318, 311, 319
315, 314, 318, 313, 319, 312, 320, 147
318, 315, 319, 314, 320, 313, 321
317, 319, 316, 320, 315, 321, 314, 322
318, 320, 317, 321, 316, 322, 315, 323
319, 321, 318, 322, 317, 323, 316, 324, 179
320, 322, 319, 323, 318, 317, 325, 807, 559
321, 323, 320, 324, 319, 325, 318, 326, 43
322, 324, 321, 325, 320, 326, 319, 327
323, 325, 322, 326, 327, 320, 328, 674
324, 326, 323, 327, 322, 328, 321, 329
325, 327, 324, 328, 323, 329, 322, 330
326, 328, 325, 329, 324, 330, 323, 331
327, 329, 326, 325, 331, 324, 332, 269, 891, 73
328, 330, 327, 331, 326, 332, 325, 333
329, 331, 332, 327, 333, 326, 334, 965, 892
330, 332, 329, 333, 328, 334, 327, 335
331, 333, 330, 334, 329, 335, 328, 725
332, 334, 331, 335, 330, 336, 329, 337
333, 335, 332, 336, 331, 337, 330, 338
334, 336, 333, 337, 332, 331, 339, 126
335, 337, 334, 338, 333, 339, 340
336, 338, 335, 339, 334, 340, 333, 341
337, 339, 336, 340, 341, 334, 342
338, 340, 337, 341, 336, 342, 335, 343
339, 341, 338, 342, 337, 343, 336, 344
340, 342, 339, 343, 338, 344, 337, 345
341, 343, 340, 344, 339, 345, 338, 346
342, 344, 341, 345, 340, 346, 339, 347, 482
343, 345, 342, 346, 341, 347, 340, 348
344, 346, 343, 347, 342, 348, 341, 349
345, 344, 348, 343, 349, 342, 350, 186, 140
348, 345, 349, 344, 350, 343, 351
347, 349, 346, 350, 345, 351, 344, 352
348, 350, 347, 351, 346, 352, 345, 353
349, 351, 348, 347, 353, 346, 354, 568, 534
350, 352, 349, 353, 348, 354, 347, 355, 189
351, 354, 349, 355, 348, 877, 394
354, 351, 355, 350, 356, 349, 357
353, 355, 352, 356, 351, 357, 350, 358
354, 356, 353, 357, 352, 358, 351, 359
355, 357, 354, 358, 353, 359, 360
356, 355, 359, 354, 360, 353, 361, 869
359, 356, 360, 355, 361, 354, 362
358, 360, 357, 361, 356, 362, 355, 363
359, 361, 358, 362, 357, 363, 356, 364
360, 362, 359, 363, 358, 364, 357, 365
361, 363, 360, 364, 359, 365, 358, 366
362, 364, 361, 365, 360, 366, 359, 367
363, 365, 362, 361, 360, 368, 646, 246
364, 366, 363, 367, 362, 368, 361, 369
365, 367, 368, 363, 369, 362, 370
366, 368, 365, 369, 370, 363, 371
367, 369, 366, 370, 365, 364, 372, 310
368, 370, 367, 366, 372, 365, 373, 825
369, 371, 368, 372, 367, 366, 374, 172, 405
370, 372, 373, 374, 367, 375, 26
371, 373, 370, 374, 369, 375, 368, 376, 774
372, 374, 371, 375, 376, 369, 377
373, 375, 372, 376, 371, 377, 370, 378
374, 376, 373, 377, 372, 378, 371, 379
375, 377, 374, 378, 373, 379, 372, 380
376, 378, 375, 379, 374, 380, 373, 381
377, 379, 376, 380, 375, 381, 374, 382
378, 380, 377, 381, 376, 382, 375, 383
379, 381, 378, 382, 377, 383, 376, 384
380, 382, 379, 383, 378, 384, 377, 385
381, 383, 380, 384, 379, 385, 378, 386
382, 384, 381, 380, 379, 387, 620, 830
383, 385, 382, 386, 381, 380, 388, 466
384, 386, 387, 382, 381, 389, 719
385, 387, 384, 388, 389, 382, 390
386, 388, 385, 389, 390, 383, 391
387, 389, 386, 390, 391, 384, 392
388, 390, 387, 391, 386, 392, 385, 393
389, 391, 388, 392, 387, 393, 386, 394
390, 392, 389, 393, 388, 394, 387, 395
391, 393, 390, 394, 389, 395, 388, 396
392, 391, 395, 390, 396, 389, 397, 277
392, 391, 397, 390, 809, 174, 352, 29
396, 393, 397, 392, 398, 391, 399
395, 397, 398, 393, 399, 392, 400
396, 398, 395, 399, 394, 400, 393, 401
397, 399, 396, 400, 395, 401, 402
398, 400, 397, 401, 396, 402, 395, 403
399, 401, 398, 402, 397, 403, 396, 404
400, 402, 399, 403, 398, 404, 397, 405
401, 403, 400, 404, 399, 405, 398, 406
402, 404, 401, 405, 400, 406, 399, 505
403, 405, 402, 406, 401, 407, 400, 408
404, 406, 403, 407, 402, 408, 401, 446, 728, 370
405, 407, 404, 408, 403, 409, 402, 410
406, 408, 405, 409, 404, 410, 411
407, 409, 406, 410, 405, 411, 404, 412
408, 410, 407, 411, 406, 412, 413
409, 408, 412, 407, 413, 406, 414, 522
412, 409, 413, 408, 414, 407, 415
411, 413, 410, 414, 409, 415, 408, 416, 855
412, 414, 411, 415, 410, 416, 409, 417
413, 415, 412, 416, 411, 417, 410, 418
414, 416, 413, 417, 412, 418, 411, 419, 820
415, 417, 414, 418, 413, 419, 412, 420
416, 418, 415, 419, 414, 420, 413, 421
417, 419, 416, 420, 415, 421, 414, 422
418, 420, 417, 421, 416, 422, 415, 423
419, 421, 418, 422, 417, 423, 416, 424, 194
420, 422, 419, 423, 418, 424, 417, 425
421, 423, 420, 419, 425, 418, 426, 690
422, 424, 421, 425, 420, 426, 419, 427
423, 425, 426, 421, 427, 420, 428
424, 426, 423, 427, 422, 428, 421, 429
425, 427, 424, 428, 423, 429, 422, 430, 967, 775
426, 428, 425, 429, 424, 430, 423, 431
427, 429, 426, 425, 431, 424, 432, 113, 826, 592
428, 430, 427, 431, 426, 432, 425, 433
429, 431, 432, 427, 433, 426, 434, 616
430, 432, 429, 433, 428, 434, 427, 435
431, 433, 430, 434, 429, 435, 428, 436
432, 434, 431, 435, 430, 436, 429, 437
433, 435, 432, 436, 431, 437, 430, 438
434, 433, 437, 432, 438, 431, 439, 743
437, 434, 438, 433, 439, 432, 440
436, 438, 435, 439, 434, 440, 433, 441
437, 439, 436, 440, 435, 434, 442, 620
438, 440, 437, 441, 436, 442, 435, 443
439, 441, 438, 442, 437, 443, 436, 444
440, 442, 439, 443, 444, 437, 945
441, 443, 440, 444, 439, 445, 438, 446
442, 441, 445, 440, 446, 439, 447, 706, 624
445, 442, 446, 441, 447, 440, 448
444, 446, 443, 447, 442, 448, 449
445, 447, 444, 443, 449, 442, 450, 405
446, 448, 445, 449, 444, 450, 443, 451
447, 449, 450, 445, 451, 444, 452
448, 450, 447, 451, 446, 452, 445, 453
449, 451, 448, 452, 447, 453, 446, 454
450, 452, 449, 453, 448, 454, 447, 455
451, 453, 450, 454, 449, 455, 448, 456, 42
452, 454, 451, 455, 450, 456, 449, 457, 261
453, 455, 452, 456, 451, 457, 450, 458
454, 456, 453, 457, 452, 458, 451, 459, 867
455, 457, 454, 453, 459, 452, 460, 313
456, 458, 455, 459, 454, 460, 453, 461
457, 459, 460, 455, 461, 454, 462
458, 460, 457, 461, 456, 462, 455, 463
459, 461, 458, 462, 457, 463, 456, 464, 160
460, 462, 459, 458, 464, 457, 465, 66
461, 463, 460, 464, 459, 465, 458, 466
462, 464, 465, 460, 466, 459, 467
463, 465, 462, 466, 461, 467, 460, 468
464, 466, 463, 467, 462, 468, 461, 469, 539
465, 467, 464, 468, 463, 469, 462, 470, 384
466, 468, 465, 469, 464, 470, 463, 471, 95
467, 469, 466, 470, 465, 471, 464, 472
468, 470, 467, 471, 466, 472, 465, 473
469, 471, 468, 472, 467, 473, 466, 474
470, 472, 469, 473, 468, 474, 467, 7
471, 473, 470, 474, 469, 475, 468, 476
472, 474, 471, 475, 470, 476, 469, 477
473, 475, 472, 476, 471, 477, 470, 478
474, 476, 473, 477, 472, 478, 479
475, 477, 474, 473, 479, 472, 480, 682
476, 478, 475, 479, 474, 480, 473, 481
477, 479, 480, 475, 481, 474, 482
478, 480, 477, 481, 476, 482, 475, 483
479, 481, 478, 482, 477, 483, 476, 484
480, 482, 479, 483, 478, 484, 477, 485, 183
481, 483, 480, 484, 479, 478, 486, 343
482, 484, 481, 485, 480, 486, 479, 487
483, 485, 482, 486, 481, 487, 480, 488
484, 486, 483, 487, 488, 481, 489
485, 487, 484, 488, 483, 489, 482, 490
486, 488, 485, 489, 484, 490, 483, 491
487, 489, 486, 490, 485, 491, 484, 492
488, 490, 487, 491, 486, 492, 485, 493
489, 491, 488, 492, 487, 493, 486, 494
490, 492, 489, 493, 488, 494, 487, 495
491, 493, 490, 494, 489, 495, 488, 496
492, 494, 491, 495, 490, 496, 489, 497
493, 495, 492, 496, 491, 497, 490, 498
494, 496, 493, 497, 492, 498, 491, 499
495, 497, 494, 498, 493, 499, 492, 500
496, 495, 494, 500, 493, 501, 632, 238
496, 500, 495, 501, 494, 502, 782
500, 501, 496, 502, 495, 503
499, 501, 498, 502, 497, 503, 496, 504
500, 502, 499, 503, 498, 504, 497, 505
501, 503, 500, 504, 499, 505, 498, 506
502, 504, 501, 505, 500, 506, 499, 507
503, 505, 502, 506, 501, 507, 500, 508
504, 506, 503, 507, 502, 508, 501, 509, 403, 676
505, 507, 504, 508, 503, 509, 502, 510
506, 508, 505, 504, 510, 503, 511, 545
507, 509, 506, 510, 505, 511, 504, 512
508, 510, 511, 506, 512, 505, 513
509, 511, 508, 512, 507, 513, 506, 514
510, 512, 509, 513, 508, 514, 507, 515
511, 513, 510, 514, 509, 515, 508, 516
512, 514, 511, 515, 510, 516, 509, 517
513, 515, 512, 516, 511, 517, 510, 518
514, 516, 513, 517, 512, 518, 511, 519, 994
515, 517, 514, 518, 513, 519, 512, 591
516, 518, 515, 519, 514, 520, 513, 521
517, 519, 516, 520, 515, 521, 514, 522
518, 520, 517, 521, 516, 522, 515, 523
519, 521, 518, 522, 517, 523, 524
520, 522, 519, 523, 518, 524, 517, 525
521, 523, 520, 524, 519, 525, 518, 526, 410
522, 524, 521, 525, 520, 519, 527, 282
523, 525, 522, 526, 521, 527, 520, 528
524, 526, 523, 527, 522, 528, 521, 529
525, 527, 524, 528, 529, 522, 530, 297
526, 528, 525, 529, 524, 530, 523, 531
527, 529, 526, 530, 525, 531, 524, 532
528, 530, 527, 531, 526, 532, 525, 533
529, 531, 528, 532, 527, 533, 526, 534
530, 532, 529, 533, 528, 534, 527, 535
531, 533, 530, 534, 529, 535, 528, 536, 197
532, 534, 531, 535, 530, 536, 529, 537
533, 535, 532, 536, 531, 530, 538, 350
534, 536, 533, 532, 538, 531, 539, 148
535, 537, 534, 538, 533, 539, 532, 540
536, 538, 539, 540, 533, 541
537, 539, 536, 540, 535, 541, 534, 542
538, 540, 537, 536, 542, 535, 543, 465, 734
539, 541, 538, 542, 537, 543, 536, 544, 576
540, 543, 538, 544, 537, 545, 764
543, 540, 544, 539, 545, 538, 546
542, 544, 541, 545, 540, 539, 547, 790
543, 542, 546, 541, 547, 540, 179, 973
546, 543, 547, 542, 548, 541, 549, 507
545, 547, 544, 548, 549, 542, 550
546, 548, 545, 549, 544, 550, 543, 551
547, 549, 546, 550, 545, 551, 552
548, 550, 547, 546, 552, 545, 553, 572
549, 551, 548, 552, 547, 553, 546, 554
550, 552, 553, 548, 554, 547, 555
551, 553, 550, 554, 549, 555, 548, 556
552, 554, 551, 555, 550, 556, 549, 557
553, 555, 552, 556, 551, 557, 550, 558
554, 556, 553, 557, 552, 558, 551, 559
555, 557, 554, 558, 553, 559, 552, 560
556, 558, 555, 559, 554, 560, 553, 561
557, 559, 556, 560, 555, 561, 554, 562
558, 560, 557, 561, 556, 555, 563, 321
559, 561, 558, 562, 557, 563, 556, 564
560, 562, 559, 563, 558, 564, 557, 565
561, 563, 560, 564, 565, 558, 566
562, 564, 561, 565, 560, 566, 559, 567
563, 565, 562, 566, 561, 560, 568, 685
564, 566, 563, 567, 562, 568, 561, 113
565, 567, 564, 568, 563, 569, 562, 570
566, 568, 565, 569, 570, 563, 571
567, 569, 566, 565, 571, 564, 572, 350, 753
568, 570, 567, 571, 566, 572, 573, 203
569, 571, 572, 567, 573, 566, 574, 299
570, 572, 569, 573, 568, 574, 567, 575
571, 573, 570, 574, 569, 575, 568, 576, 549
572, 574, 571, 575, 570, 576, 569, 577
573, 575, 572, 576, 571, 577, 570, 578
574, 576, 573, 577, 572, 578, 571, 579
575, 577, 574, 578, 573, 579, 572, 540
576, 578, 575, 579, 574, 580, 573, 581
577, 579, 576, 580, 575, 581, 574, 582, 56
578, 580, 577, 581, 576, 582, 575, 583
579, 581, 578, 582, 577, 583, 584, 224
580, 582, 579, 583, 578, 584, 577, 585
581, 583, 580, 584, 579, 585, 578, 586
582, 584, 581, 585, 580, 586, 579, 587, 750
583, 585, 582, 586, 581, 587, 580, 588
584, 586, 583, 587, 582, 588, 581, 589
585, 587, 584, 588, 583, 589, 582, 590
586, 588, 585, 589, 584, 590, 583, 591
587, 589, 586, 590, 585, 591, 584, 592
588, 590, 587, 591, 586, 592, 585, 593
589, 591, 588, 592, 587, 593, 586, 594
590, 592, 589, 593, 588, 594, 587, 595, 516
591, 593, 590, 594, 589, 588, 596, 428
592, 594, 591, 595, 590, 596, 589, 597
593, 595, 592, 596, 591, 597, 590, 598
594, 596, 593, 597, 598, 591, 599
595, 597, 594, 598, 593, 599, 592, 600
596, 598, 595, 599, 594, 600, 593, 601
597, 599, 596, 600, 595, 601, 594, 602, 222
598, 600, 597, 601, 596, 602, 595, 603
599, 601, 598, 597, 603, 596, 604, 110
600, 602, 599, 603, 598, 604, 597, 605
601, 603, 604, 599, 605, 598, 606
602, 604, 601, 605, 600, 606, 599, 607
603, 605, 602, 606, 601, 607, 600, 608
604, 606, 603, 607, 602, 608, 601, 609
605, 607, 604, 608, 603, 609, 602, 610
606, 608, 605, 609, 604, 610, 603, 611
607, 609, 606, 610, 605, 611, 604, 612
608, 610, 607, 611, 606, 612, 605, 613
609, 611, 608, 612, 607, 613, 606, 614, 621
610, 612, 609, 613, 608, 614, 607, 276
611, 613, 610, 614, 609, 615, 608, 616
612, 614, 611, 615, 610, 616, 609, 617
613, 615, 612, 616, 611, 617, 610, 618, 670
614, 616, 613, 617, 612, 618, 619
615, 614, 613, 619, 612, 620, 430, 49
618, 615, 619, 614, 620, 613, 621
617, 619, 620, 615, 621, 614, 622
618, 620, 617, 621, 616, 622, 615, 623
619, 621, 618, 617, 623, 616, 383, 133, 438, 864
620, 619, 623, 618, 624, 617, 625, 610
623, 624, 619, 625, 618, 626
622, 624, 621, 620, 626, 619, 627, 121
623, 625, 622, 626, 621, 627, 443
624, 626, 627, 622, 628, 621, 629
625, 627, 624, 628, 623, 629, 622, 630
626, 628, 625, 624, 630, 623, 631, 720
627, 629, 626, 630, 625, 631, 632, 279
628, 630, 631, 626, 632, 625, 633
629, 631, 628, 632, 627, 633, 626, 251
630, 632, 629, 633, 628, 634, 627, 635
631, 633, 630, 634, 629, 635, 628, 636, 497
632, 634, 631, 635, 630, 636, 629, 637
633, 635, 632, 636, 631, 637, 638
634, 636, 633, 637, 632, 638, 631, 639
635, 637, 634, 638, 633, 639, 632, 640
636, 638, 635, 639, 634, 640, 633, 641
637, 639, 636, 640, 635, 641, 634, 642
638, 640, 637, 641, 636, 642, 635, 643
639, 641, 638, 642, 637, 643, 636, 644
640, 642, 639, 643, 638, 644, 637, 645
641, 643, 640, 644, 639, 645, 638, 646
642, 644, 641, 645, 640, 646, 639, 647
643, 645, 642, 646, 641, 647, 640, 648
644, 646, 643, 647, 642, 648, 641, 649
645, 647, 644, 648, 643, 649, 642, 650, 364
646, 648, 645, 649, 644, 650, 643, 651
647, 649, 646, 650, 645, 651, 644, 652
648, 650, 647, 651, 646, 652, 645, 276
649, 651, 648, 652, 647, 653, 646, 654
650, 652, 649, 653, 648, 654, 647, 655
651, 653, 650, 654, 649, 655, 648, 656
652, 654, 651, 655, 650, 656, 657
653, 655, 652, 656, 651, 657, 650, 658
654, 656, 653, 657, 652, 658, 651, 659
655, 657, 654, 658, 653, 659, 652, 660
656, 658, 655, 659, 654, 660, 653, 661, 668
657, 659, 656, 660, 655, 661, 654, 662
658, 660, 657, 661, 656, 662, 655, 663
659, 661, 658, 662, 657, 663, 656, 664
660, 662, 659, 663, 658, 664, 657, 665
661, 663, 660, 664, 659, 665, 658, 666
662, 661, 665, 660, 666, 659, 667, 848
665, 662, 666, 661, 667, 660, 668
664, 666, 663, 667, 662, 668, 661, 669
665, 667, 664, 668, 663, 669, 662, 670
666, 668, 665, 669, 664, 670, 663, 671
667, 666, 670, 665, 664, 672, 657, 969, 53
667, 671, 666, 672, 665, 673, 41
671, 668, 667, 673, 666, 674, 614
670, 669, 673, 674, 667, 675, 738
673, 674, 669, 675, 668, 676, 219
672, 674, 671, 675, 670, 676, 669, 677
673, 675, 672, 671, 677, 670, 678, 324
674, 676, 673, 677, 672, 678, 671, 679
675, 677, 678, 673, 679, 672, 505
676, 678, 675, 679, 674, 680, 673, 681
677, 679, 676, 680, 675, 681, 674, 682
678, 680, 677, 681, 676, 682, 675, 683, 806
679, 681, 678, 677, 683, 684, 787
680, 682, 679, 683, 678, 684, 677, 685
681, 683, 684, 679, 685, 678, 686, 476, 307
682, 684, 681, 685, 680, 686, 679, 687
683, 685, 682, 686, 681, 687, 680, 688
684, 686, 683, 687, 682, 688, 681, 689, 564
685, 687, 684, 688, 683, 689, 682, 690
686, 688, 685, 689, 684, 690, 683, 691
687, 689, 686, 690, 685, 691, 684, 692, 900
688, 690, 687, 691, 686, 692, 685, 693
689, 691, 688, 692, 687, 693, 686, 694, 422
690, 692, 689, 688, 694, 687, 206, 290
691, 690, 694, 689, 688, 696, 145, 961
694, 695, 690, 696, 689, 697
693, 695, 692, 696, 691, 697, 690, 698
694, 693, 697, 698, 699, 65, 938
697, 694, 698, 693, 699, 692, 700
696, 698, 695, 699, 694, 700, 693, 701
697, 699, 696, 700, 695, 701, 694, 702
698, 700, 697, 701, 696, 695, 703, 960
699, 701, 698, 702, 697, 703, 696, 704, 67
700, 702, 699, 703, 698, 704, 697, 705
701, 703, 700, 704, 705, 698, 706
702, 704, 701, 705, 700, 706, 699, 707
703, 705, 702, 706, 701, 707, 700, 708
704, 706, 703, 707, 702, 708, 701, 709
705, 707, 704, 708, 703, 709, 702, 443, 128
706, 705, 709, 704, 710, 703, 711, 881
709, 706, 710, 705, 711, 704, 712
708, 710, 707, 711, 706, 712, 705, 713, 128
709, 711, 708, 712, 707, 713, 714
710, 712, 709, 713, 708, 714, 707, 715
711, 713, 710, 714, 709, 715, 708, 716
712, 714, 711, 715, 710, 716, 709, 717
713, 715, 712, 716, 711, 717, 710, 718, 293
714, 716, 713, 717, 712, 711, 719, 741
715, 717, 714, 718, 713, 719, 712, 720
716, 718, 715, 719, 714, 720, 713, 721
717, 719, 716, 720, 721, 714, 722
718, 720, 717, 721, 716, 722, 715, 723, 800, 385
719, 721, 718, 722, 717, 716, 724, 627, 51
720, 722, 719, 723, 718, 724, 717, 725
721, 723, 720, 724, 719, 725, 718, 785, 53
722, 724, 721, 725, 726, 719, 727
723, 725, 722, 721, 727, 720, 728, 915
724, 726, 723, 722, 728, 721, 729, 906, 332
725, 727, 728, 723, 729, 730
726, 728, 724, 730, 723, 731, 964
727, 729, 726, 725, 731, 724, 732, 847, 405
728, 730, 731, 726, 732, 725, 733
729, 731, 732, 727, 733, 726, 734
730, 729, 733, 728, 734, 727, 735, 254
733, 730, 734, 729, 735, 728, 736
732, 734, 731, 735, 730, 736, 729, 737
733, 732, 731, 737, 730, 738, 186, 539
736, 733, 737, 732, 738, 731, 739
735, 737, 738, 733, 739, 732, 740
736, 738, 735, 739, 734, 740, 733, 741
737, 739, 736, 740, 735, 741, 734, 742, 671
738, 740, 737, 741, 736, 742, 735, 743
739, 741, 738, 742, 737, 743, 736, 744
740, 742, 739, 743, 738, 744, 737, 745, 715
741, 743, 740, 744, 739, 745, 738, 746
742, 744, 741, 740, 746, 739, 747, 435, 990
743, 745, 742, 746, 741, 747, 740, 748
744, 746, 747, 742, 748, 741, 749
745, 747, 744, 748, 743, 749, 742, 750
746, 748, 745, 749, 744, 750, 743, 751
747, 749, 746, 750, 745, 751, 744, 752
748, 750, 747, 751, 746, 752, 745, 753, 295
749, 751, 748, 752, 747, 746, 754, 583
750, 752, 749, 753, 748, 754, 747, 755
751, 753, 750, 754, 749, 755, 748, 756
752, 754, 751, 755, 756, 749, 757, 568
753, 755, 752, 756, 751, 757, 750, 758
754, 756, 753, 757, 752, 758, 751, 759
755, 757, 754, 758, 753, 759, 752, 760
756, 758, 755, 759, 754, 760, 753, 761
757, 759, 756, 755, 761, 754, 762, 238
758, 760, 757, 761, 756, 762, 755, 763
759, 761, 762, 757, 763, 756, 764, 995
760, 762, 759, 763, 758, 764, 757, 765
761, 763, 760, 764, 759, 765, 758, 766
762, 764, 761, 765, 760, 766, 759, 767
763, 762, 766, 761, 767, 760, 768, 541, 118
766, 763, 767, 762, 768, 761, 769, 153
765, 767, 764, 768, 763, 769, 762, 770
766, 768, 765, 769, 764, 770, 763, 771
767, 769, 766, 770, 765, 771, 764, 772
768, 770, 767, 771, 766, 772, 765, 773
769, 771, 768, 772, 767, 773, 766, 794, 56
770, 772, 769, 773, 768, 774, 767, 775
771, 773, 770, 774, 769, 775, 768, 776
772, 774, 771, 775, 770, 776, 769, 777
773, 775, 772, 776, 771, 777, 372
774, 776, 773, 772, 778, 771, 779, 426
775, 777, 774, 778, 773, 779, 772, 780
776, 778, 779, 774, 780, 773, 781, 290
777, 779, 776, 780, 775, 781, 782
778, 780, 777, 781, 776, 782, 775, 783
779, 781, 778, 782, 777, 783, 776, 784
780, 782, 779, 783, 778, 784, 777, 785
781, 783, 780, 784, 779, 785, 778, 786, 498
782, 784, 781, 785, 780, 786, 779, 787
783, 785, 782, 786, 781, 787, 780, 788
784, 786, 783, 782, 788, 781, 789, 75, 722
785, 787, 784, 788, 783, 789, 782, 284
786, 789, 784, 790, 783, 791, 48, 680
789, 786, 790, 785, 791, 784, 792
788, 790, 787, 791, 786, 792, 785, 793
789, 791, 788, 792, 787, 793, 794, 543
790, 792, 789, 793, 788, 794, 787, 795
791, 793, 790, 794, 789, 795, 788, 796
792, 794, 791, 795, 790, 796, 789, 797, 215
793, 792, 796, 791, 797, 790, 798, 770
796, 793, 797, 792, 798, 791, 799
795, 797, 794, 798, 793, 799, 792, 800
796, 795, 799, 794, 800, 793, 801, 911
799, 796, 800, 795, 801, 794, 802
798, 800, 797, 801, 796, 802, 795, 803
799, 801, 798, 797, 803, 796, 804, 719
800, 799, 798, 804, 797, 805, 88, 62
803, 804, 799, 805, 798, 806
802, 804, 805, 800, 806, 799, 807
803, 805, 802, 806, 801, 807, 800, 808
804, 806, 803, 807, 802, 808, 801, 809
805, 807, 804, 808, 803, 802, 810, 679
806, 808, 805, 809, 804, 810, 803, 811, 321
807, 809, 806, 810, 805, 811, 804, 812
808, 810, 807, 811, 812, 805, 813, 394
809, 811, 808, 812, 807, 813, 806, 814, 133
810, 812, 809, 813, 808, 814, 807, 815
811, 813, 810, 814, 809, 815, 808, 816
812, 814, 811, 815, 810, 816, 809, 817
813, 815, 812, 816, 811, 817, 810, 818, 63
814, 816, 813, 817, 812, 818, 811, 819, 241
815, 817, 814, 818, 813, 819, 812, 820
816, 818, 815, 819, 814, 820, 813, 821
817, 819, 816, 820, 815, 821, 814, 822
818, 820, 817, 821, 816, 822, 815, 823
819, 821, 818, 822, 817, 816, 824, 415
820, 822, 819, 823, 818, 824, 817, 825
821, 823, 820, 824, 819, 825, 818, 826
822, 824, 821, 825, 819, 827, 129
823, 825, 822, 826, 821, 827, 820, 828
824, 826, 823, 827, 822, 828, 821, 829, 369
825, 824, 829, 822, 830, 894, 428
828, 825, 829, 824, 830, 823, 831
827, 829, 830, 825, 831, 824, 832, 272
828, 830, 827, 831, 826, 832, 825, 833
829, 831, 828, 832, 827, 833, 826, 834, 383
830, 832, 829, 833, 828, 834, 827, 835
831, 833, 830, 834, 829, 835, 828, 836
832, 834, 831, 835, 830, 836, 829, 837
833, 835, 832, 836, 831, 837, 830, 838
834, 836, 833, 837, 832, 838, 831, 839
835, 837, 834, 838, 833, 839, 832, 840
836, 838, 835, 839, 834, 840, 833, 841
837, 839, 836, 840, 835, 841, 834, 842
838, 840, 837, 841, 836, 842, 835, 843
839, 841, 838, 842, 837, 843, 836, 844
840, 842, 839, 843, 838, 844, 837, 845
841, 843, 840, 844, 839, 845, 838, 846
842, 844, 841, 845, 840, 846, 839, 847, 99
843, 845, 842, 846, 841, 847, 840, 848
844, 846, 843, 847, 842, 848, 841, 849
845, 847, 844, 848, 843, 849, 842, 850
846, 845, 849, 844, 850, 843, 728, 234
849, 846, 850, 845, 851, 844, 852, 663
848, 850, 847, 851, 846, 852, 845, 853, 103
849, 851, 848, 852, 847, 853, 846, 854
850, 852, 849, 853, 848, 854, 855
851, 853, 850, 854, 849, 855, 848, 856
852, 854, 851, 855, 850, 856, 849, 857
853, 855, 852, 856, 851, 857, 850, 858
854, 856, 853, 857, 852, 851, 859, 412
855, 857, 854, 858, 853, 859, 852, 860
856, 858, 855, 859, 854, 860, 853, 861
857, 859, 856, 860, 861, 854, 862, 992
858, 860, 857, 861, 856, 862, 855, 863, 926
859, 861, 858, 862, 857, 863, 856, 162
860, 862, 859, 863, 858, 864, 857, 865
861, 863, 860, 864, 859, 865, 858, 866
862, 864, 861, 865, 860, 866, 859, 867
863, 862, 866, 861, 867, 868, 31, 620
866, 863, 867, 862, 868, 861, 869
865, 867, 864, 868, 863, 869, 862, 870
866, 868, 865, 864, 870, 863, 871, 455
867, 869, 866, 870, 865, 871, 864, 872
868, 870, 871, 866, 872, 865, 873, 357
869, 871, 868, 872, 867, 873, 866, 874
870, 872, 869, 873, 868, 874, 867, 875
871, 873, 870, 874, 869, 875, 868, 876
872, 874, 871, 870, 876, 869, 877, 996
873, 875, 872, 876, 871, 877, 870, 878
874, 876, 877, 872, 878, 871, 879
875, 877, 874, 878, 873, 879, 872, 880
876, 878, 875, 879, 874, 880, 873, 881, 352
877, 879, 876, 880, 875, 881, 874, 882, 138
878, 880, 877, 881, 876, 882, 875, 883
879, 881, 878, 877, 883, 876, 884, 307
880, 882, 879, 883, 878, 884, 877, 885, 707, 908
881, 883, 884, 879, 885, 878, 886
882, 884, 881, 885, 880, 886, 879, 887
883, 885, 882, 886, 881, 887, 880, 888
884, 886, 883, 882, 888, 881, 889, 180
885, 887, 884, 888, 883, 889, 882, 890
886, 888, 889, 884, 890, 883, 891
887, 889, 886, 890, 885, 891, 884, 166
888, 890, 887, 891, 886, 892, 885, 893
889, 891, 888, 892, 887, 893, 886, 894
890, 892, 889, 893, 888, 894, 887, 895, 328
891, 893, 890, 894, 889, 896, 292, 330
892, 894, 891, 895, 890, 896, 889, 897
893, 895, 892, 896, 891, 897, 890, 898, 826
894, 896, 893, 897, 891, 899, 175
895, 897, 894, 898, 893, 899, 892, 900
896, 898, 895, 899, 894, 900, 893, 901
897, 899, 896, 900, 901, 894, 902
898, 900, 897, 901, 896, 902, 895, 903
899, 901, 898, 902, 897, 903, 896, 688
900, 902, 899, 903, 898, 904, 897, 905, 228
901, 903, 900, 904, 899, 905, 898, 906
902, 904, 901, 905, 900, 906, 899, 907
903, 905, 902, 906, 901, 907, 908
904, 906, 903, 907, 902, 908, 901, 909
905, 907, 904, 908, 903, 909, 902, 910, 725
906, 908, 905, 909, 904, 910, 903, 911
907, 909, 906, 910, 905, 911, 904, 881
908, 910, 907, 906, 912, 905, 913, 210
909, 911, 908, 912, 907, 913, 906, 914, 979
910, 912, 913, 908, 914, 907, 915, 797, 166
911, 913, 910, 914, 909, 915, 916
912, 914, 911, 915, 910, 916, 909, 917
913, 915, 912, 916, 911, 917, 910, 918
914, 916, 913, 917, 912, 918, 911, 919, 724
915, 917, 914, 918, 913, 919, 912, 920, 109
916, 918, 915, 919, 914, 920, 913, 921
917, 919, 916, 920, 915, 921, 914, 922, 87
918, 920, 917, 921, 916, 922, 915, 923
919, 921, 918, 922, 917, 923, 916, 924
920, 922, 919, 923, 918, 924, 917, 925
921, 923, 920, 924, 919, 925, 918, 926, 149
922, 924, 921, 925, 920, 926, 919, 927
923, 925, 922, 926, 921, 927, 920, 928
924, 926, 923, 927, 922, 928, 921, 929
925, 927, 924, 928, 923, 929, 922, 859
926, 928, 925, 929, 924, 930, 923, 931
927, 929, 926, 930, 925, 931, 924, 932
928, 930, 927, 931, 926, 932, 925, 933
929, 931, 928, 932, 927, 933, 934
930, 932, 929, 933, 928, 934, 927, 935
931, 933, 930, 934, 929, 935, 928, 936, 121
932, 931, 935, 930, 936, 929, 937, 984
935, 932, 936, 931, 937, 930, 938
934, 936, 933, 937, 932, 938, 931, 939
935, 937, 934, 938, 933, 939, 932, 940
936, 938, 935, 939, 934, 940, 933, 941
937, 939, 936, 940, 935, 941, 934, 942, 695
938, 940, 937, 941, 936, 942, 935, 943
939, 941, 938, 942, 937, 943, 936, 944
940, 942, 939, 943, 938, 944, 937, 945
941, 943, 940, 944, 939, 945, 938, 946
942, 944, 941, 945, 940, 946, 939, 947
943, 945, 942, 946, 941, 947, 940, 948
944, 946, 943, 947, 942, 948, 941, 949, 441
945, 947, 944, 948, 943, 949, 942, 950
946, 948, 945, 949, 944, 950, 943, 951
947, 949, 946, 950, 945, 951, 944, 952
948, 950, 947, 951, 946, 952, 945, 953, 185
949, 951, 948, 952, 947, 953, 946, 954
950, 952, 949, 953, 948, 947, 955, 241
951, 953, 950, 954, 949, 955, 948, 956
952, 954, 951, 955, 950, 956, 949, 957
953, 955, 952, 956, 957, 950, 958
954, 956, 953, 957, 952, 958, 951, 959
955, 957, 954, 958, 953, 959, 952, 960
956, 958, 955, 959, 954, 960, 953, 961
957, 959, 956, 960, 955, 961, 954, 962
958, 960, 957, 961, 956, 962, 955, 963
959, 961, 958, 962, 957, 963, 956, 964, 699
960, 962, 959, 963, 958, 964, 957, 965, 692
961, 963, 960, 964, 959, 965, 958, 966
962, 964, 961, 965, 960, 966, 959, 967
963, 965, 962, 966, 961, 967, 960, 968, 727
964, 963, 967, 962, 968, 961, 330, 139
967, 964, 968, 963, 969, 962, 970
966, 965, 969, 964, 970, 963, 971, 426
969, 966, 970, 965, 971, 964, 972
968, 967, 971, 966, 972, 973, 668
971, 968, 972, 967, 973, 966, 974
970, 972, 969, 973, 968, 974, 967, 975
971, 973, 970, 974, 969, 975, 968, 976
972, 974, 971, 970, 976, 969, 977, 126, 544
973, 975, 972, 976, 971, 977, 970, 978
974, 976, 977, 972, 978, 971, 979
975, 977, 974, 978, 973, 979, 972, 980
976, 978, 975, 979, 974, 980, 973, 981
977, 979, 976, 980, 975, 981, 974, 982
978, 980, 977, 976, 982, 975, 983, 910
979, 981, 978, 982, 977, 983, 976, 984
980, 982, 983, 978, 984, 977, 985
981, 983, 980, 984, 979, 985, 978, 986
982, 984, 981, 985, 980, 986, 979, 987
983, 985, 982, 986, 981, 987, 980, 988, 165, 933
984, 986, 983, 987, 982, 988, 981, 989
985, 987, 984, 988, 983, 989, 982, 990
986, 988, 985, 989, 984, 990, 983, 991
987, 989, 986, 990, 985, 991, 984, 992
988, 990, 987, 991, 986, 992, 985, 993
989, 991, 988, 992, 987, 993, 986, 994, 743
990, 992, 989, 993, 988, 994, 987, 995
991, 993, 990, 994, 989, 988, 996, 858
992, 994, 991, 995, 990, 996, 989, 997
993, 992, 991, 997, 990, 998, 515, 313
996, 993, 997, 991, 999, 760
995, 997, 998, 993, 999, 992, 1000, 873
996, 998, 995, 999, 994, 1000, 993, 1
997, 999, 996, 1000, 1, 994, 2
998, 1000, 997, 1, 996, 2, 995, 3
999, 1, 998, 2, 997, 3, 996, 4
